{
"meta":{"test_sets":[],"test_metrics":[],"learn_metrics":[{"best_value":"Min","name":"Logloss"}],"launch_mode":"Train","parameters":"","iteration_count":238,"learn_sets":["learn"],"name":"experiment"},
"iterations":[
{"learn":[0.6785244487],"iteration":0,"passed_time":0.1714510198,"remaining_time":40.6338917},
{"learn":[0.662619891],"iteration":1,"passed_time":0.2289187912,"remaining_time":27.01241736},
{"learn":[0.647157124],"iteration":2,"passed_time":0.2795161539,"remaining_time":21.89543205},
{"learn":[0.6339047115],"iteration":3,"passed_time":0.3174236246,"remaining_time":18.56928204},
{"learn":[0.6206395911],"iteration":4,"passed_time":0.3762027254,"remaining_time":17.53104701},
{"learn":[0.6084860937],"iteration":5,"passed_time":0.4290144331,"remaining_time":16.58855808},
{"learn":[0.5978511122],"iteration":6,"passed_time":0.5088966784,"remaining_time":16.79359039},
{"learn":[0.586075624],"iteration":7,"passed_time":0.6017853713,"remaining_time":17.30132942},
{"learn":[0.5757696203],"iteration":8,"passed_time":0.6927094381,"remaining_time":17.62560681},
{"learn":[0.5666254998],"iteration":9,"passed_time":0.781935008,"remaining_time":17.82811818},
{"learn":[0.558233805],"iteration":10,"passed_time":0.8475222147,"remaining_time":17.48977661},
{"learn":[0.5519958178],"iteration":11,"passed_time":0.8903971972,"remaining_time":16.76914721},
{"learn":[0.5434815202],"iteration":12,"passed_time":0.9624309543,"remaining_time":16.65745882},
{"learn":[0.5363329708],"iteration":13,"passed_time":1.058819085,"remaining_time":16.94110537},
{"learn":[0.5290723694],"iteration":14,"passed_time":1.132109649,"remaining_time":16.83069679},
{"learn":[0.5230876043],"iteration":15,"passed_time":1.200256333,"remaining_time":16.65355662},
{"learn":[0.5169417607],"iteration":16,"passed_time":1.273082795,"remaining_time":16.55007633},
{"learn":[0.5111642598],"iteration":17,"passed_time":1.338316881,"remaining_time":16.35720632},
{"learn":[0.5065813823],"iteration":18,"passed_time":1.386735832,"remaining_time":15.98395512},
{"learn":[0.5019825628],"iteration":19,"passed_time":1.431269111,"remaining_time":15.60083331},
{"learn":[0.4973130229],"iteration":20,"passed_time":1.480261094,"remaining_time":15.2960313},
{"learn":[0.4934766288],"iteration":21,"passed_time":1.541983102,"remaining_time":15.13947045},
{"learn":[0.4892089257],"iteration":22,"passed_time":1.629841787,"remaining_time":15.23547757},
{"learn":[0.4855659262],"iteration":23,"passed_time":1.67962279,"remaining_time":14.97663654},
{"learn":[0.4820574372],"iteration":24,"passed_time":1.754203529,"remaining_time":14.94581407},
{"learn":[0.4785595847],"iteration":25,"passed_time":1.8224048,"remaining_time":14.85960837},
{"learn":[0.4756393696],"iteration":26,"passed_time":1.87279461,"remaining_time":14.63554306},
{"learn":[0.4727906899],"iteration":27,"passed_time":1.924720078,"remaining_time":14.43540059},
{"learn":[0.4696621317],"iteration":28,"passed_time":1.978717041,"remaining_time":14.26040902},
{"learn":[0.4670046561],"iteration":29,"passed_time":2.034913277,"remaining_time":14.10873205},
{"learn":[0.4641809758],"iteration":30,"passed_time":2.092334177,"remaining_time":13.97139273},
{"learn":[0.4617137689],"iteration":31,"passed_time":2.171851037,"remaining_time":13.98129105},
{"learn":[0.4593007686],"iteration":32,"passed_time":2.250704935,"remaining_time":13.98165187},
{"learn":[0.4570186769],"iteration":33,"passed_time":2.32082275,"remaining_time":13.9249365},
{"learn":[0.4552544988],"iteration":34,"passed_time":2.377105053,"remaining_time":13.78720931},
{"learn":[0.45335781],"iteration":35,"passed_time":2.455538082,"remaining_time":13.77829701},
{"learn":[0.4517919283],"iteration":36,"passed_time":2.521065656,"remaining_time":13.69551883},
{"learn":[0.4502378848],"iteration":37,"passed_time":2.570420112,"remaining_time":13.5285269},
{"learn":[0.4481252959],"iteration":38,"passed_time":2.652581182,"remaining_time":13.53496552},
{"learn":[0.446476022],"iteration":39,"passed_time":2.709498118,"remaining_time":13.41201568},
{"learn":[0.444982848],"iteration":40,"passed_time":2.759667969,"remaining_time":13.25986804},
{"learn":[0.4435336025],"iteration":41,"passed_time":2.810883246,"remaining_time":13.11745515},
{"learn":[0.4420566504],"iteration":42,"passed_time":2.875222347,"remaining_time":13.03879901},
{"learn":[0.4409665114],"iteration":43,"passed_time":2.949407349,"remaining_time":13.00420513},
{"learn":[0.4395870389],"iteration":44,"passed_time":3.001219457,"remaining_time":12.87189678},
{"learn":[0.4381361031],"iteration":45,"passed_time":3.075574981,"remaining_time":12.83718253},
{"learn":[0.4373508141],"iteration":46,"passed_time":3.143789506,"remaining_time":12.77582544},
{"learn":[0.4361127498],"iteration":47,"passed_time":3.204951995,"remaining_time":12.68626832},
{"learn":[0.4352322078],"iteration":48,"passed_time":3.262678593,"remaining_time":12.58461743},
{"learn":[0.4344494667],"iteration":49,"passed_time":3.335786868,"remaining_time":12.54255862},
{"learn":[0.4335736444],"iteration":50,"passed_time":3.404671244,"remaining_time":12.48379456},
{"learn":[0.4326920731],"iteration":51,"passed_time":3.486703809,"remaining_time":12.47167132},
{"learn":[0.4318825429],"iteration":52,"passed_time":3.55661363,"remaining_time":12.41459475},
{"learn":[0.431182237],"iteration":53,"passed_time":3.643362322,"remaining_time":12.41441976},
{"learn":[0.4304087071],"iteration":54,"passed_time":3.699156778,"remaining_time":12.30810346},
{"learn":[0.4296323166],"iteration":55,"passed_time":3.74419116,"remaining_time":12.16862127},
{"learn":[0.4291043272],"iteration":56,"passed_time":3.790683174,"remaining_time":12.03708166},
{"learn":[0.4284106671],"iteration":57,"passed_time":3.852166061,"remaining_time":11.95499812},
{"learn":[0.4278058783],"iteration":58,"passed_time":3.930406587,"remaining_time":11.92445388},
{"learn":[0.4271403816],"iteration":59,"passed_time":4.019995032,"remaining_time":11.92598526},
{"learn":[0.4265764942],"iteration":60,"passed_time":4.095309505,"remaining_time":11.88311119},
{"learn":[0.4258937593],"iteration":61,"passed_time":4.161527908,"remaining_time":11.81336954},
{"learn":[0.4253159402],"iteration":62,"passed_time":4.235151862,"remaining_time":11.76431073},
{"learn":[0.4246381737],"iteration":63,"passed_time":4.280502239,"remaining_time":11.63761546},
{"learn":[0.4241665515],"iteration":64,"passed_time":4.323100433,"remaining_time":11.50609808},
{"learn":[0.4236396081],"iteration":65,"passed_time":4.382425177,"remaining_time":11.42086561},
{"learn":[0.4232385847],"iteration":66,"passed_time":4.425224216,"remaining_time":11.29422897},
{"learn":[0.4227798593],"iteration":67,"passed_time":4.471797466,"remaining_time":11.17949367},
{"learn":[0.4223233084],"iteration":68,"passed_time":4.516869183,"remaining_time":11.06305641},
{"learn":[0.4219412289],"iteration":69,"passed_time":4.576187645,"remaining_time":10.98285035},
{"learn":[0.4215806549],"iteration":70,"passed_time":4.645199444,"remaining_time":10.92603249},
{"learn":[0.4209895332],"iteration":71,"passed_time":4.727056253,"remaining_time":10.8984908},
{"learn":[0.420601752],"iteration":72,"passed_time":4.795911289,"remaining_time":10.84007346},
{"learn":[0.4202986007],"iteration":73,"passed_time":4.857321285,"remaining_time":10.7648742},
{"learn":[0.4199161935],"iteration":74,"passed_time":4.899967232,"remaining_time":10.64926212},
{"learn":[0.4195142105],"iteration":75,"passed_time":4.962219908,"remaining_time":10.57736349},
{"learn":[0.4190576776],"iteration":76,"passed_time":5.012457647,"remaining_time":10.48059326},
{"learn":[0.4187867742],"iteration":77,"passed_time":5.077307355,"remaining_time":10.41498945},
{"learn":[0.4183366936],"iteration":78,"passed_time":5.168982379,"remaining_time":10.40339492},
{"learn":[0.4180060664],"iteration":79,"passed_time":5.27822016,"remaining_time":10.42448482},
{"learn":[0.4176974841],"iteration":80,"passed_time":5.325646878,"remaining_time":10.32255012},
{"learn":[0.4173978252],"iteration":81,"passed_time":5.37685525,"remaining_time":10.22913926},
{"learn":[0.4169607755],"iteration":82,"passed_time":5.433655533,"remaining_time":10.14718804},
{"learn":[0.4167041837],"iteration":83,"passed_time":5.492684858,"remaining_time":10.06992224},
{"learn":[0.4164603272],"iteration":84,"passed_time":5.585851067,"remaining_time":10.05453192},
{"learn":[0.4159908571],"iteration":85,"passed_time":5.661786259,"remaining_time":10.00687804},
{"learn":[0.4157262147],"iteration":86,"passed_time":5.747285751,"remaining_time":9.975174119},
{"learn":[0.4154690834],"iteration":87,"passed_time":5.801481661,"remaining_time":9.888889195},
{"learn":[0.4149827267],"iteration":88,"passed_time":5.854496314,"remaining_time":9.801347762},
{"learn":[0.4146400076],"iteration":89,"passed_time":5.912097104,"remaining_time":9.722115238},
{"learn":[0.4143957743],"iteration":90,"passed_time":5.979287235,"remaining_time":9.658848611},
{"learn":[0.4141898369],"iteration":91,"passed_time":6.074433083,"remaining_time":9.639861197},
{"learn":[0.4139163533],"iteration":92,"passed_time":6.167458283,"remaining_time":9.615929581},
{"learn":[0.4136259995],"iteration":93,"passed_time":6.220571681,"remaining_time":9.529386405},
{"learn":[0.4134556638],"iteration":94,"passed_time":6.264945975,"remaining_time":9.430392362},
{"learn":[0.4132893987],"iteration":95,"passed_time":6.31251825,"remaining_time":9.337266578},
{"learn":[0.4130969914],"iteration":96,"passed_time":6.358434347,"remaining_time":9.242672607},
{"learn":[0.412826925],"iteration":97,"passed_time":6.41465948,"remaining_time":9.163799257},
{"learn":[0.412755244],"iteration":98,"passed_time":6.458574076,"remaining_time":9.068098955},
{"learn":[0.4124330007],"iteration":99,"passed_time":6.533201018,"remaining_time":9.015817405},
{"learn":[0.4122945064],"iteration":100,"passed_time":6.617364195,"remaining_time":8.97602866},
{"learn":[0.4120104699],"iteration":101,"passed_time":6.680287275,"remaining_time":8.907049701},
{"learn":[0.411855922],"iteration":102,"passed_time":6.727678107,"remaining_time":8.817830528},
{"learn":[0.4116407832],"iteration":103,"passed_time":6.780004142,"remaining_time":8.735774568},
{"learn":[0.4113542969],"iteration":104,"passed_time":6.840626932,"remaining_time":8.664794114},
{"learn":[0.4112733599],"iteration":105,"passed_time":6.871103633,"remaining_time":8.556468675},
{"learn":[0.4111968569],"iteration":106,"passed_time":6.898859535,"remaining_time":8.446267281},
{"learn":[0.4109374684],"iteration":107,"passed_time":6.943936444,"remaining_time":8.358442016},
{"learn":[0.4107609483],"iteration":108,"passed_time":6.990932336,"remaining_time":8.273672214},
{"learn":[0.4105685902],"iteration":109,"passed_time":7.061369551,"remaining_time":8.216866387},
{"learn":[0.4104217413],"iteration":110,"passed_time":7.136104633,"remaining_time":8.164732328},
{"learn":[0.4101880857],"iteration":111,"passed_time":7.185061464,"remaining_time":8.083194146},
{"learn":[0.4099949741],"iteration":112,"passed_time":7.244105447,"remaining_time":8.013390981},
{"learn":[0.4098542971],"iteration":113,"passed_time":7.291623761,"remaining_time":7.931239881},
{"learn":[0.4096584405],"iteration":114,"passed_time":7.345477423,"remaining_time":7.856467157},
{"learn":[0.4094932664],"iteration":115,"passed_time":7.421725188,"remaining_time":7.805607525},
{"learn":[0.4093335873],"iteration":116,"passed_time":7.49757752,"remaining_time":7.753904957},
{"learn":[0.4092337031],"iteration":117,"passed_time":7.564009977,"remaining_time":7.692213536},
{"learn":[0.4091317537],"iteration":118,"passed_time":7.67104955,"remaining_time":7.67104955},
{"learn":[0.4089921817],"iteration":119,"passed_time":7.747362976,"remaining_time":7.61824026},
{"learn":[0.4088074181],"iteration":120,"passed_time":7.805800031,"remaining_time":7.547757055},
{"learn":[0.4086509525],"iteration":121,"passed_time":7.858633333,"remaining_time":7.472143169},
{"learn":[0.4083830022],"iteration":122,"passed_time":7.936710771,"remaining_time":7.420501941},
{"learn":[0.4082684933],"iteration":123,"passed_time":7.99692251,"remaining_time":7.352009404},
{"learn":[0.4080720095],"iteration":124,"passed_time":8.047585819,"remaining_time":7.275017581},
{"learn":[0.4080310842],"iteration":125,"passed_time":8.101870998,"remaining_time":7.201663109},
{"learn":[0.4078672701],"iteration":126,"passed_time":8.155230167,"remaining_time":7.127799595},
{"learn":[0.4076687986],"iteration":127,"passed_time":8.227887515,"remaining_time":7.070840833},
{"learn":[0.4076148398],"iteration":128,"passed_time":8.253225476,"remaining_time":6.973655635},
{"learn":[0.4075024391],"iteration":129,"passed_time":8.299234719,"remaining_time":6.894748844},
{"learn":[0.4073725125],"iteration":130,"passed_time":8.343956797,"remaining_time":6.815292956},
{"learn":[0.4072895165],"iteration":131,"passed_time":8.425146687,"remaining_time":6.765648097},
{"learn":[0.4070923706],"iteration":132,"passed_time":8.47183585,"remaining_time":6.68829146},
{"learn":[0.4069202146],"iteration":133,"passed_time":8.550137309,"remaining_time":6.635927464},
{"learn":[0.4068279286],"iteration":134,"passed_time":8.615547564,"remaining_time":6.573343697},
{"learn":[0.4068008974],"iteration":135,"passed_time":8.652165068,"remaining_time":6.489123801},
{"learn":[0.4065994136],"iteration":136,"passed_time":8.702662514,"remaining_time":6.415831488},
{"learn":[0.4064721642],"iteration":137,"passed_time":8.746710274,"remaining_time":6.338195851},
{"learn":[0.4062976025],"iteration":138,"passed_time":8.800934992,"remaining_time":6.268291829},
{"learn":[0.4062003439],"iteration":139,"passed_time":8.848441848,"remaining_time":6.193909294},
{"learn":[0.4060926127],"iteration":140,"passed_time":8.939653935,"remaining_time":6.149974693},
{"learn":[0.4059740272],"iteration":141,"passed_time":9.024678327,"remaining_time":6.101190981},
{"learn":[0.4058031509],"iteration":142,"passed_time":9.101714833,"remaining_time":6.04659377},
{"learn":[0.4056209019],"iteration":143,"passed_time":9.146531882,"remaining_time":5.970652757},
{"learn":[0.4054938671],"iteration":144,"passed_time":9.196489541,"remaining_time":5.898438119},
{"learn":[0.4053748198],"iteration":145,"passed_time":9.258956254,"remaining_time":5.83441079},
{"learn":[0.4052452517],"iteration":146,"passed_time":9.307241485,"remaining_time":5.761625681},
{"learn":[0.4051534529],"iteration":147,"passed_time":9.361304206,"remaining_time":5.69268499},
{"learn":[0.4050664148],"iteration":148,"passed_time":9.444947451,"remaining_time":5.641612907},
{"learn":[0.4049484443],"iteration":149,"passed_time":9.49544435,"remaining_time":5.570660685},
{"learn":[0.4048525401],"iteration":150,"passed_time":9.544623545,"remaining_time":5.499220188},
{"learn":[0.4047090317],"iteration":151,"passed_time":9.615255932,"remaining_time":5.440210593},
{"learn":[0.4045976564],"iteration":152,"passed_time":9.683381943,"remaining_time":5.379656635},
{"learn":[0.4045794158],"iteration":153,"passed_time":9.769349133,"remaining_time":5.328735891},
{"learn":[0.4044939687],"iteration":154,"passed_time":9.825328722,"remaining_time":5.261305057},
{"learn":[0.4044923043],"iteration":155,"passed_time":9.872456967,"remaining_time":5.189368406},
{"learn":[0.4043918554],"iteration":156,"passed_time":9.92228057,"remaining_time":5.119138383},
{"learn":[0.4043589512],"iteration":157,"passed_time":9.965283387,"remaining_time":5.045713107},
{"learn":[0.4043421342],"iteration":158,"passed_time":10.0200426,"remaining_time":4.978511734},
{"learn":[0.4041400579],"iteration":159,"passed_time":10.10814929,"remaining_time":4.92772278},
{"learn":[0.4039869148],"iteration":160,"passed_time":10.18621762,"remaining_time":4.871669295},
{"learn":[0.4039186325],"iteration":161,"passed_time":10.24651852,"remaining_time":4.807008686},
{"learn":[0.4038534769],"iteration":162,"passed_time":10.29701222,"remaining_time":4.737889057},
{"learn":[0.4037582541],"iteration":163,"passed_time":10.3421875,"remaining_time":4.666596798},
{"learn":[0.4036407052],"iteration":164,"passed_time":10.40175997,"remaining_time":4.601990776},
{"learn":[0.403542815],"iteration":165,"passed_time":10.4595514,"remaining_time":4.536672898},
{"learn":[0.403498514],"iteration":166,"passed_time":10.53516648,"remaining_time":4.479022875},
{"learn":[0.4034045447],"iteration":167,"passed_time":10.64132858,"remaining_time":4.43388691},
{"learn":[0.4032752874],"iteration":168,"passed_time":10.72662626,"remaining_time":4.379510128},
{"learn":[0.4032361709],"iteration":169,"passed_time":10.7750654,"remaining_time":4.31002616},
{"learn":[0.4031970775],"iteration":170,"passed_time":10.80915732,"remaining_time":4.235166901},
{"learn":[0.4031793587],"iteration":171,"passed_time":10.85669069,"remaining_time":4.16593945},
{"learn":[0.403014388],"iteration":172,"passed_time":10.92067322,"remaining_time":4.103143119},
{"learn":[0.4028984032],"iteration":173,"passed_time":10.96311148,"remaining_time":4.03240882},
{"learn":[0.4028100806],"iteration":174,"passed_time":11.04234933,"remaining_time":3.97524576},
{"learn":[0.4027903386],"iteration":175,"passed_time":11.12499866,"remaining_time":3.91903362},
{"learn":[0.402760421],"iteration":176,"passed_time":11.19073835,"remaining_time":3.856695138},
{"learn":[0.4027187617],"iteration":177,"passed_time":11.23841275,"remaining_time":3.788229015},
{"learn":[0.4026246323],"iteration":178,"passed_time":11.30934243,"remaining_time":3.727660353},
{"learn":[0.402544694],"iteration":179,"passed_time":11.35728967,"remaining_time":3.659571116},
{"learn":[0.4024962873],"iteration":180,"passed_time":11.40885399,"remaining_time":3.592843523},
{"learn":[0.4024661903],"iteration":181,"passed_time":11.47438715,"remaining_time":3.530580661},
{"learn":[0.4024070112],"iteration":182,"passed_time":11.53563242,"remaining_time":3.466993351},
{"learn":[0.4023410676],"iteration":183,"passed_time":11.60911552,"remaining_time":3.407023032},
{"learn":[0.4022253646],"iteration":184,"passed_time":11.67970786,"remaining_time":3.346078467},
{"learn":[0.4021821027],"iteration":185,"passed_time":11.72783198,"remaining_time":3.278748726},
{"learn":[0.4020490057],"iteration":186,"passed_time":11.76983175,"remaining_time":3.209954115},
{"learn":[0.4019968496],"iteration":187,"passed_time":11.81202342,"remaining_time":3.14149559},
{"learn":[0.4019209684],"iteration":188,"passed_time":11.88593837,"remaining_time":3.081539577},
{"learn":[0.4018014323],"iteration":189,"passed_time":11.93537618,"remaining_time":3.01525293},
{"learn":[0.4017080798],"iteration":190,"passed_time":12.03502638,"remaining_time":2.961498637},
{"learn":[0.4015168251],"iteration":191,"passed_time":12.08542105,"remaining_time":2.89546546},
{"learn":[0.4014207397],"iteration":192,"passed_time":12.13236131,"remaining_time":2.828788905},
{"learn":[0.4013365003],"iteration":193,"passed_time":12.18057482,"remaining_time":2.762604598},
{"learn":[0.4012020604],"iteration":194,"passed_time":12.22825841,"remaining_time":2.696487753},
{"learn":[0.401177229],"iteration":195,"passed_time":12.29357184,"remaining_time":2.634336823},
{"learn":[0.4011547594],"iteration":196,"passed_time":12.36465896,"remaining_time":2.573355419},
{"learn":[0.4010542012],"iteration":197,"passed_time":12.44803339,"remaining_time":2.514754221},
{"learn":[0.4010013933],"iteration":198,"passed_time":12.54146141,"remaining_time":2.457874347},
{"learn":[0.4009591326],"iteration":199,"passed_time":12.62481846,"remaining_time":2.398715507},
{"learn":[0.4009056659],"iteration":200,"passed_time":12.71220499,"remaining_time":2.340057634},
{"learn":[0.4009047025],"iteration":201,"passed_time":12.77429292,"remaining_time":2.27660666},
{"learn":[0.4007965328],"iteration":202,"passed_time":12.84817361,"remaining_time":2.215202346},
{"learn":[0.4007257383],"iteration":203,"passed_time":12.92681268,"remaining_time":2.15446878},
{"learn":[0.4006655086],"iteration":204,"passed_time":12.97597658,"remaining_time":2.088815743},
{"learn":[0.4006030288],"iteration":205,"passed_time":13.0304612,"remaining_time":2.024149313},
{"learn":[0.4005730763],"iteration":206,"passed_time":13.08822338,"remaining_time":1.9600721},
{"learn":[0.4005551289],"iteration":207,"passed_time":13.13412276,"remaining_time":1.894344628},
{"learn":[0.4004559823],"iteration":208,"passed_time":13.21448864,"remaining_time":1.833589333},
{"learn":[0.4004193035],"iteration":209,"passed_time":13.2949502,"remaining_time":1.772660026},
{"learn":[0.4003693476],"iteration":210,"passed_time":13.39098096,"remaining_time":1.713537847},
{"learn":[0.4003111029],"iteration":211,"passed_time":13.44273596,"remaining_time":1.648637429},
{"learn":[0.4002224168],"iteration":212,"passed_time":13.5092216,"remaining_time":1.58558939},
{"learn":[0.4001962532],"iteration":213,"passed_time":13.55230127,"remaining_time":1.519884255},
{"learn":[0.4001077763],"iteration":214,"passed_time":13.59585136,"remaining_time":1.454439913},
{"learn":[0.4000975813],"iteration":215,"passed_time":13.64415996,"remaining_time":1.389682959},
{"learn":[0.4000804954],"iteration":216,"passed_time":13.69446457,"remaining_time":1.325270764},
{"learn":[0.4000179374],"iteration":217,"passed_time":13.76291603,"remaining_time":1.262652846},
{"learn":[0.4000179293],"iteration":218,"passed_time":13.77848396,"remaining_time":1.195393585},
{"learn":[0.3999544675],"iteration":219,"passed_time":13.85737775,"remaining_time":1.133785452},
{"learn":[0.399895598],"iteration":220,"passed_time":13.9271614,"remaining_time":1.071320108},
{"learn":[0.399842261],"iteration":221,"passed_time":13.99597444,"remaining_time":1.008718879},
{"learn":[0.3997651825],"iteration":222,"passed_time":14.05477607,"remaining_time":0.9453885251},
{"learn":[0.3997079109],"iteration":223,"passed_time":14.10791468,"remaining_time":0.8817446678},
{"learn":[0.3996051862],"iteration":224,"passed_time":14.17050383,"remaining_time":0.8187402216},
{"learn":[0.3995653179],"iteration":225,"passed_time":14.23238291,"remaining_time":0.7557017476},
{"learn":[0.3995098279],"iteration":226,"passed_time":14.30613323,"remaining_time":0.6932487469},
{"learn":[0.3994422782],"iteration":227,"passed_time":14.35489889,"remaining_time":0.6296008287},
{"learn":[0.3994124498],"iteration":228,"passed_time":14.40355392,"remaining_time":0.5660785385},
{"learn":[0.3993880759],"iteration":229,"passed_time":14.44979259,"remaining_time":0.5026014812},
{"learn":[0.3992892954],"iteration":230,"passed_time":14.51096862,"remaining_time":0.4397263219},
{"learn":[0.3991994225],"iteration":231,"passed_time":14.58028165,"remaining_time":0.3770762497},
{"learn":[0.3991234816],"iteration":232,"passed_time":14.64659329,"remaining_time":0.314304577},
{"learn":[0.3990191042],"iteration":233,"passed_time":14.71005897,"remaining_time":0.2514539995},
{"learn":[0.3990056842],"iteration":234,"passed_time":14.77508473,"remaining_time":0.188618103},
{"learn":[0.3989226186],"iteration":235,"passed_time":14.8458259,"remaining_time":0.1258120839},
{"learn":[0.3988798515],"iteration":236,"passed_time":14.90576563,"remaining_time":0.06289352587},
{"learn":[0.3988230596],"iteration":237,"passed_time":14.9473635,"remaining_time":0}
]}